Source,Target,Weight,Type
HauptmannBahnwärterThiel,HolzSchlafPapaHamlet,3,undirected
HauptmannBahnwärterThiel,KafkaEinLandarzt,4,undirected
HauptmannBahnwärterThiel,MusilMannOhneEigenschaften,6,undirected
HauptmannBahnwärterThiel,StifterGranit,4,undirected
HolzSchlafPapaHamlet,HauptmannBahnwärterThiel,3,undirected
HolzSchlafPapaHamlet,KafkaEinLandarzt,2,undirected
HolzSchlafPapaHamlet,MusilMannOhneEigenschaften,1,undirected
KafkaEinLandarzt,HauptmannBahnwärterThiel,4,undirected
KafkaEinLandarzt,HolzSchlafPapaHamlet,2,undirected
KafkaEinLandarzt,KafkaEinTraum,1,undirected
KafkaEinLandarzt,KafkaErstesLeid,1,undirected
KafkaEinLandarzt,KafkaVorDemGesetz,3,undirected
KafkaEinLandarzt,MusilMannOhneEigenschaften,2,undirected
KafkaEinLandarzt,StifterGranit,1,undirected
KafkaEinTraum,KafkaEinLandarzt,1,undirected
KafkaEinTraum,KafkaErstesLeid,6,undirected
KafkaEinTraum,KafkaVorDemGesetz,4,undirected
KafkaErstesLeid,KafkaEinLandarzt,1,undirected
KafkaErstesLeid,KafkaEinTraum,6,undirected
KafkaErstesLeid,KafkaVorDemGesetz,5,undirected
KafkaVorDemGesetz,KafkaEinLandarzt,3,undirected
KafkaVorDemGesetz,KafkaEinTraum,4,undirected
KafkaVorDemGesetz,KafkaErstesLeid,5,undirected
MusilMannOhneEigenschaften,HauptmannBahnwärterThiel,6,undirected
MusilMannOhneEigenschaften,HolzSchlafPapaHamlet,1,undirected
MusilMannOhneEigenschaften,KafkaEinLandarzt,2,undirected
MusilMannOhneEigenschaften,StifterGranit,5,undirected
StifterGranit,HauptmannBahnwärterThiel,4,undirected
StifterGranit,KafkaEinLandarzt,1,undirected
StifterGranit,MusilMannOhneEigenschaften,5,undirected
