Source,Target,Weight,Type
HauptmannBahnwärterThiel,KleistDasErdbebenInChili,3,undirected
HauptmannBahnwärterThiel,MusilMannOhneEigenschaften,5,undirected
HauptmannBahnwärterThiel,SchillerDerVerbrecher,3,undirected
HauptmannBahnwärterThiel,StifterGranit,1,undirected
HolzSchlafPapaHamlet,RilkeAufzeichnungenMalteLauridsBrigge,3,undirected
HolzSchlafPapaHamlet,SchnitzlerSpielImMorgengrauen,2,undirected
HolzSchlafPapaHamlet,SchnitzlerTraumnovelle,1,undirected
KafkaEinLandarzt,RilkeAufzeichnungenMalteLauridsBrigge,3,undirected
KafkaEinLandarzt,SchnitzlerSpielImMorgengrauen,2,undirected
KafkaEinLandarzt,SchnitzlerTraumnovelle,1,undirected
KafkaEinTraum,RilkeAufzeichnungenMalteLauridsBrigge,3,undirected
KafkaEinTraum,SchnitzlerSpielImMorgengrauen,2,undirected
KafkaEinTraum,SchnitzlerTraumnovelle,1,undirected
KafkaErstesLeid,RilkeAufzeichnungenMalteLauridsBrigge,3,undirected
KafkaErstesLeid,SchnitzlerSpielImMorgengrauen,2,undirected
KafkaErstesLeid,SchnitzlerTraumnovelle,1,undirected
KafkaVorDemGesetz,RilkeAufzeichnungenMalteLauridsBrigge,4,undirected
KafkaVorDemGesetz,SchnitzlerSpielImMorgengrauen,3,undirected
KafkaVorDemGesetz,SchnitzlerTraumnovelle,2,undirected
KleistDasErdbebenInChili,HauptmannBahnwärterThiel,3,undirected
KleistDasErdbebenInChili,MusilMannOhneEigenschaften,2,undirected
KleistDasErdbebenInChili,SchillerDerVerbrecher,5,undirected
KleistÜberDasMarionettentheater,RilkeAufzeichnungenMalteLauridsBrigge,2,undirected
KleistÜberDasMarionettentheater,SchillerDerVerbrecher,3,undirected
KleistÜberDasMarionettentheater,SchnitzlerSpielImMorgengrauen,1,undirected
MusilMannOhneEigenschaften,HauptmannBahnwärterThiel,5,undirected
MusilMannOhneEigenschaften,KleistDasErdbebenInChili,2,undirected
MusilMannOhneEigenschaften,SchillerDerVerbrecher,6,undirected
MusilMannOhneEigenschaften,StifterGranit,2,undirected
RilkeAufzeichnungenMalteLauridsBrigge,HolzSchlafPapaHamlet,3,undirected
RilkeAufzeichnungenMalteLauridsBrigge,KafkaEinLandarzt,3,undirected
RilkeAufzeichnungenMalteLauridsBrigge,KafkaEinTraum,3,undirected
RilkeAufzeichnungenMalteLauridsBrigge,KafkaErstesLeid,3,undirected
RilkeAufzeichnungenMalteLauridsBrigge,KafkaVorDemGesetz,4,undirected
RilkeAufzeichnungenMalteLauridsBrigge,KleistÜberDasMarionettentheater,2,undirected
RilkeAufzeichnungenMalteLauridsBrigge,SchnitzlerSpielImMorgengrauen,3,undirected
RilkeAufzeichnungenMalteLauridsBrigge,SchnitzlerTraumnovelle,2,undirected
SchillerDerVerbrecher,HauptmannBahnwärterThiel,3,undirected
SchillerDerVerbrecher,KleistDasErdbebenInChili,5,undirected
SchillerDerVerbrecher,KleistÜberDasMarionettentheater,3,undirected
SchillerDerVerbrecher,MusilMannOhneEigenschaften,6,undirected
SchillerDerVerbrecher,StifterGranit,3,undirected
SchnitzlerSpielImMorgengrauen,HolzSchlafPapaHamlet,2,undirected
SchnitzlerSpielImMorgengrauen,KafkaEinLandarzt,2,undirected
SchnitzlerSpielImMorgengrauen,KafkaEinTraum,2,undirected
SchnitzlerSpielImMorgengrauen,KafkaErstesLeid,2,undirected
SchnitzlerSpielImMorgengrauen,KafkaVorDemGesetz,3,undirected
SchnitzlerSpielImMorgengrauen,KleistÜberDasMarionettentheater,1,undirected
SchnitzlerSpielImMorgengrauen,RilkeAufzeichnungenMalteLauridsBrigge,3,undirected
SchnitzlerSpielImMorgengrauen,SchnitzlerSpielImMorgengrauen,6,undirected
SchnitzlerSpielImMorgengrauen,SchnitzlerTraumnovelle,5,undirected
SchnitzlerTraumnovelle,HolzSchlafPapaHamlet,1,undirected
SchnitzlerTraumnovelle,KafkaEinLandarzt,1,undirected
SchnitzlerTraumnovelle,KafkaEinTraum,1,undirected
SchnitzlerTraumnovelle,KafkaErstesLeid,1,undirected
SchnitzlerTraumnovelle,KafkaVorDemGesetz,2,undirected
SchnitzlerTraumnovelle,RilkeAufzeichnungenMalteLauridsBrigge,2,undirected
SchnitzlerTraumnovelle,SchnitzlerSpielImMorgengrauen,5,undirected
SchnitzlerTraumnovelle,SchnitzlerTraumnovelle,4,undirected
StifterGranit,HauptmannBahnwärterThiel,1,undirected
StifterGranit,MusilMannOhneEigenschaften,2,undirected
StifterGranit,SchillerDerVerbrecher,3,undirected
