﻿Epoche;Berühmtheitsgrad;AnzahlWerke;Gattung
GBenn;9;2;50;3
Brentano;2;2;50;3
GBüchner;4;2;7;2
Döblin;7;2;24;1
TFontane;5;2;20;1
Hauptmann;6;3;60;2
Hesse;7;3;60;1
Heym;9;3;30;3
ETAHoffmann;2;2;60;1
Hoffmann von Fallersleben;4;3;30;3
Hölderlin;1;3;100;3
Holz;6;4;30;2
Hugo;2;1;50;1
Kafka;9;1;25;1
Keller;5;2;75;1
Lasker-Schuler;9;3;110;3
HMann;7;4;40;1
TMann;7;2;30;1
Meyers;5;4;50;1
Mörike;3;3;60;3
Musil;7;3;25;1
Novalis;2;5;80;3
Paul;2;5;70;1
Rilke;8;2;100;3
Schiller;1;1;40;2
Schnitzler;7;3;30;1
Stadler;9;5;10;3
Stifter;3;4;60;1
Storm;5;2;70;1
Trakl;9;5;70;3
van Hoddis;9;5;10;3
Kleist;2;3;10;2
von Droste-Hülshoff;5;2;90;3
von Eichendorff;2;2;100;3
Goethe;1;1;80;2
Wilde;5;1;90;1
Zweig;8;2;40;1
