Source,Target,Weight,Type
BennGehirne,HauptmannBahnwärterThiel,4,undirected
BennGehirne,KafkaEinLandarzt,2,undirected
BennGehirne,KellerKleiderMachenLeute,2,undirected
BennGehirne,LaskerSchülerDieNächteDerTinoVonBagdad,3,undirected
BennGehirne,MannBuddenbrooks_1_2,1,undirected
BrentanoGeschichteVomBravenKasperl,GoetheUnterhaltungenDeutscherAuswanderer,3,undirected
BrentanoGeschichteVomBravenKasperl,HoffmannDerSandmann,1,undirected
BrentanoGeschichteVomBravenKasperl,MannBuddenbrooks_1_2,2,undirected
DöblinBerlinAlexanderplatz,FontaneEffiBriest,3,undirected
DöblinBerlinAlexanderplatz,HesseDerSteppenwolf,2,undirected
DöblinBerlinAlexanderplatz,KellerRomeoUndJuliaAufDemDorfe,1,undirected
EichendorffAusDemLebenEinesTaugenichts,KellerKleiderMachenLeute,2,undirected
EichendorffAusDemLebenEinesTaugenichts,KellerRomeoUndJuliaAufDemDorfe,1,undirected
EichendorffAusDemLebenEinesTaugenichts,MannBuddenbrooks_1_2,3,undirected
FontaneEffiBriest,DöblinBerlinAlexanderplatz,3,undirected
FontaneEffiBriest,HesseDerSteppenwolf,3,undirected
FontaneEffiBriest,KellerRomeoUndJuliaAufDemDorfe,2,undirected
FontaneEffiBriest,MusilMannOhneEigenschaften,1,undirected
GoetheDieNeueMelusine,GoetheUnterhaltungenDeutscherAuswanderer,5,undirected
GoetheDieNeueMelusine,HesseDerSteppenwolf,2,undirected
GoetheDieNeueMelusine,KellerKleiderMachenLeute,1,undirected
GoetheUnterhaltungenDeutscherAuswanderer,BrentanoGeschichteVomBravenKasperl,3,undirected
GoetheUnterhaltungenDeutscherAuswanderer,GoetheDieNeueMelusine,5,undirected
GoetheUnterhaltungenDeutscherAuswanderer,HoffmannDerSandmann,1,undirected
GoetheUnterhaltungenDeutscherAuswanderer,KellerKleiderMachenLeute,4,undirected
GoetheUnterhaltungenDeutscherAuswanderer,KellerRomeoUndJuliaAufDemDorfe,1,undirected
GoetheUnterhaltungenDeutscherAuswanderer,KleistDasErdbebenInChili,2,undirected
GoetheUnterhaltungenDeutscherAuswanderer,KleistÜberDasMarionettentheater,2,undirected
GoetheUnterhaltungenDeutscherAuswanderer,MusilMannOhneEigenschaften,3,undirected
GoetheUnterhaltungenDeutscherAuswanderer,PaulHesperus1Hundsposttag,2,undirected
GoetheUnterhaltungenDeutscherAuswanderer,PaulHesperus2Hundsposttag,2,undirected
GoetheUnterhaltungenDeutscherAuswanderer,SchillerDerVerbrecher,1,undirected
HauptmannBahnwärterThiel,BennGehirne,4,undirected
HauptmannBahnwärterThiel,HolzSchlafPapaHamlet,2,undirected
HauptmannBahnwärterThiel,KellerKleiderMachenLeute,2,undirected
HauptmannBahnwärterThiel,KleistDasErdbebenInChili,1,undirected
HauptmannBahnwärterThiel,LaskerSchülerDieNächteDerTinoVonBagdad,1,undirected
HauptmannBahnwärterThiel,MannBuddenbrooks_1_2,4,undirected
HesseDerSteppenwolf,DöblinBerlinAlexanderplatz,2,undirected
HesseDerSteppenwolf,FontaneEffiBriest,3,undirected
HesseDerSteppenwolf,GoetheDieNeueMelusine,2,undirected
HesseDerSteppenwolf,HoffmannDerSandmann,3,undirected
HesseDerSteppenwolf,KellerRomeoUndJuliaAufDemDorfe,4,undirected
HesseDerSteppenwolf,MannBuddenbrooks_1_2,1,undirected
HesseDerSteppenwolf,MusilMannOhneEigenschaften,6,undirected
HesseDerSteppenwolf,SchillerDerVerbrecher,3,undirected
HoffmannDerSandmann,BrentanoGeschichteVomBravenKasperl,1,undirected
HoffmannDerSandmann,GoetheUnterhaltungenDeutscherAuswanderer,1,undirected
HoffmannDerSandmann,HesseDerSteppenwolf,3,undirected
HoffmannDerSandmann,HolzSchlafPapaHamlet,1,undirected
HoffmannDerSandmann,MannBuddenbrooks_1_2,2,undirected
HolzSchlafPapaHamlet,HauptmannBahnwärterThiel,2,undirected
HolzSchlafPapaHamlet,HoffmannDerSandmann,1,undirected
HolzSchlafPapaHamlet,MannBuddenbrooks_1_2,3,undirected
KafkaEinLandarzt,BennGehirne,2,undirected
KafkaEinLandarzt,MannBuddenbrooks_1_2,3,undirected
KafkaEinLandarzt,RilkeAufzeichnungenMalteLauridsBrigge,1,undirected
KafkaEinTraum,RilkeAufzeichnungenMalteLauridsBrigge,3,undirected
KafkaEinTraum,SchnitzlerSpielImMorgengrauen,2,undirected
KafkaEinTraum,SchnitzlerTraumnovelle,1,undirected
KafkaErstesLeid,RilkeAufzeichnungenMalteLauridsBrigge,3,undirected
KafkaErstesLeid,SchnitzlerSpielImMorgengrauen,2,undirected
KafkaErstesLeid,SchnitzlerTraumnovelle,1,undirected
KafkaVorDemGesetz,RilkeAufzeichnungenMalteLauridsBrigge,4,undirected
KafkaVorDemGesetz,SchnitzlerSpielImMorgengrauen,3,undirected
KafkaVorDemGesetz,SchnitzlerTraumnovelle,2,undirected
KellerKleiderMachenLeute,BennGehirne,2,undirected
KellerKleiderMachenLeute,EichendorffAusDemLebenEinesTaugenichts,2,undirected
KellerKleiderMachenLeute,GoetheDieNeueMelusine,1,undirected
KellerKleiderMachenLeute,GoetheUnterhaltungenDeutscherAuswanderer,4,undirected
KellerKleiderMachenLeute,HauptmannBahnwärterThiel,2,undirected
KellerKleiderMachenLeute,KellerRomeoUndJuliaAufDemDorfe,5,undirected
KellerKleiderMachenLeute,KleistDasErdbebenInChili,3,undirected
KellerKleiderMachenLeute,KleistÜberDasMarionettentheater,1,undirected
KellerKleiderMachenLeute,MannBuddenbrooks_1_2,6,undirected
KellerKleiderMachenLeute,MusilMannOhneEigenschaften,1,undirected
KellerKleiderMachenLeute,StifterGranit,3,undirected
KellerRomeoUndJuliaAufDemDorfe,DöblinBerlinAlexanderplatz,1,undirected
KellerRomeoUndJuliaAufDemDorfe,EichendorffAusDemLebenEinesTaugenichts,1,undirected
KellerRomeoUndJuliaAufDemDorfe,FontaneEffiBriest,2,undirected
KellerRomeoUndJuliaAufDemDorfe,GoetheUnterhaltungenDeutscherAuswanderer,1,undirected
KellerRomeoUndJuliaAufDemDorfe,HesseDerSteppenwolf,4,undirected
KellerRomeoUndJuliaAufDemDorfe,KellerKleiderMachenLeute,5,undirected
KellerRomeoUndJuliaAufDemDorfe,StifterGranit,2,undirected
KleistDasErdbebenInChili,GoetheUnterhaltungenDeutscherAuswanderer,2,undirected
KleistDasErdbebenInChili,HauptmannBahnwärterThiel,1,undirected
KleistDasErdbebenInChili,KellerKleiderMachenLeute,3,undirected
KleistÜberDasMarionettentheater,GoetheUnterhaltungenDeutscherAuswanderer,2,undirected
KleistÜberDasMarionettentheater,KellerKleiderMachenLeute,1,undirected
KleistÜberDasMarionettentheater,MusilMannOhneEigenschaften,3,undirected
LaskerSchülerDieNächteDerTinoVonBagdad,BennGehirne,3,undirected
LaskerSchülerDieNächteDerTinoVonBagdad,HauptmannBahnwärterThiel,1,undirected
LaskerSchülerDieNächteDerTinoVonBagdad,MannBuddenbrooks_1_2,2,undirected
MannBuddenbrooks_1_2,BennGehirne,1,undirected
MannBuddenbrooks_1_2,BrentanoGeschichteVomBravenKasperl,2,undirected
MannBuddenbrooks_1_2,EichendorffAusDemLebenEinesTaugenichts,3,undirected
MannBuddenbrooks_1_2,HauptmannBahnwärterThiel,4,undirected
MannBuddenbrooks_1_2,HesseDerSteppenwolf,1,undirected
MannBuddenbrooks_1_2,HoffmannDerSandmann,2,undirected
MannBuddenbrooks_1_2,HolzSchlafPapaHamlet,3,undirected
MannBuddenbrooks_1_2,KafkaEinLandarzt,3,undirected
MannBuddenbrooks_1_2,KellerKleiderMachenLeute,6,undirected
MannBuddenbrooks_1_2,LaskerSchülerDieNächteDerTinoVonBagdad,2,undirected
MannBuddenbrooks_1_2,MusilMannOhneEigenschaften,2,undirected
MannBuddenbrooks_1_2,StifterGranit,1,undirected
MusilMannOhneEigenschaften,FontaneEffiBriest,1,undirected
MusilMannOhneEigenschaften,GoetheUnterhaltungenDeutscherAuswanderer,3,undirected
MusilMannOhneEigenschaften,HesseDerSteppenwolf,6,undirected
MusilMannOhneEigenschaften,KellerKleiderMachenLeute,1,undirected
MusilMannOhneEigenschaften,KleistÜberDasMarionettentheater,3,undirected
MusilMannOhneEigenschaften,MannBuddenbrooks_1_2,2,undirected
MusilMannOhneEigenschaften,PaulHesperus1Hundsposttag,1,undirected
MusilMannOhneEigenschaften,PaulHesperus2Hundsposttag,1,undirected
MusilMannOhneEigenschaften,SchillerDerVerbrecher,2,undirected
PaulHesperus1Hundsposttag,GoetheUnterhaltungenDeutscherAuswanderer,2,undirected
PaulHesperus1Hundsposttag,MusilMannOhneEigenschaften,1,undirected
PaulHesperus1Hundsposttag,PaulHesperus2Hundsposttag,6,undirected
PaulHesperus2Hundsposttag,GoetheUnterhaltungenDeutscherAuswanderer,2,undirected
PaulHesperus2Hundsposttag,MusilMannOhneEigenschaften,1,undirected
PaulHesperus2Hundsposttag,PaulHesperus1Hundsposttag,6,undirected
RilkeAufzeichnungenMalteLauridsBrigge,KafkaEinLandarzt,1,undirected
RilkeAufzeichnungenMalteLauridsBrigge,KafkaEinTraum,3,undirected
RilkeAufzeichnungenMalteLauridsBrigge,KafkaErstesLeid,3,undirected
RilkeAufzeichnungenMalteLauridsBrigge,KafkaVorDemGesetz,4,undirected
RilkeAufzeichnungenMalteLauridsBrigge,SchnitzlerSpielImMorgengrauen,3,undirected
RilkeAufzeichnungenMalteLauridsBrigge,SchnitzlerTraumnovelle,2,undirected
SchillerDerVerbrecher,GoetheUnterhaltungenDeutscherAuswanderer,1,undirected
SchillerDerVerbrecher,HesseDerSteppenwolf,3,undirected
SchillerDerVerbrecher,MusilMannOhneEigenschaften,2,undirected
SchnitzlerSpielImMorgengrauen,KafkaEinTraum,2,undirected
SchnitzlerSpielImMorgengrauen,KafkaErstesLeid,2,undirected
SchnitzlerSpielImMorgengrauen,KafkaVorDemGesetz,3,undirected
SchnitzlerSpielImMorgengrauen,RilkeAufzeichnungenMalteLauridsBrigge,3,undirected
SchnitzlerSpielImMorgengrauen,SchnitzlerSpielImMorgengrauen,6,undirected
SchnitzlerSpielImMorgengrauen,SchnitzlerTraumnovelle,5,undirected
SchnitzlerTraumnovelle,KafkaEinTraum,1,undirected
SchnitzlerTraumnovelle,KafkaErstesLeid,1,undirected
SchnitzlerTraumnovelle,KafkaVorDemGesetz,2,undirected
SchnitzlerTraumnovelle,RilkeAufzeichnungenMalteLauridsBrigge,2,undirected
SchnitzlerTraumnovelle,SchnitzlerSpielImMorgengrauen,5,undirected
SchnitzlerTraumnovelle,SchnitzlerTraumnovelle,4,undirected
StifterGranit,KellerKleiderMachenLeute,3,undirected
StifterGranit,KellerRomeoUndJuliaAufDemDorfe,2,undirected
StifterGranit,MannBuddenbrooks_1_2,1,undirected
